{
  "best_global_step": 116,
  "best_metric": 0.827734112739563,
  "best_model_checkpoint": "./results/augmented\\checkpoint-116",
  "epoch": 2.0,
  "eval_steps": 500,
  "global_step": 116,
  "is_hyper_param_search": false,
  "is_local_process_zero": true,
  "is_world_process_zero": true,
  "log_history": [
    {
      "epoch": 0.8620689655172413,
      "grad_norm": 7.364579677581787,
      "learning_rate": 4.9000000000000005e-06,
      "loss": 1.0657980346679687,
      "step": 50
    },
    {
      "epoch": 1.0,
      "eval_accuracy": 0.5048076923076923,
      "eval_f1": 0.48202586896220845,
      "eval_f1_macro": 0.4752550959447512,
      "eval_loss": 0.9515310525894165,
      "eval_precision": 0.6282964261527174,
      "eval_recall": 0.5048076923076923,
      "eval_runtime": 0.5504,
      "eval_samples_per_second": 377.911,
      "eval_steps_per_second": 23.619,
      "step": 58
    },
    {
      "epoch": 1.7241379310344827,
      "grad_norm": 14.55349063873291,
      "learning_rate": 9.900000000000002e-06,
      "loss": 0.8654345703125,
      "step": 100
    },
    {
      "epoch": 2.0,
      "eval_accuracy": 0.5769230769230769,
      "eval_f1": 0.5099298980467444,
      "eval_f1_macro": 0.5326961527114428,
      "eval_loss": 0.827734112739563,
      "eval_precision": 0.7224236373826537,
      "eval_recall": 0.5769230769230769,
      "eval_runtime": 0.552,
      "eval_samples_per_second": 376.825,
      "eval_steps_per_second": 23.552,
      "step": 116
    }
  ],
  "logging_steps": 50,
  "max_steps": 174,
  "num_input_tokens_seen": 0,
  "num_train_epochs": 3,
  "save_steps": 500,
  "stateful_callbacks": {
    "TrainerControl": {
      "args": {
        "should_epoch_stop": false,
        "should_evaluate": false,
        "should_log": false,
        "should_save": true,
        "should_training_stop": false
      },
      "attributes": {}
    }
  },
  "total_flos": 243116797980672.0,
  "train_batch_size": 16,
  "trial_name": null,
  "trial_params": null
}
