{
  "best_global_step": 104,
  "best_metric": 0.7325503826141357,
  "best_model_checkpoint": "./results_b/original\\checkpoint-104",
  "epoch": 2.0,
  "eval_steps": 500,
  "global_step": 104,
  "is_hyper_param_search": false,
  "is_local_process_zero": true,
  "is_world_process_zero": true,
  "log_history": [
    {
      "epoch": 0.9615384615384616,
      "grad_norm": 5.1506547927856445,
      "learning_rate": 4.9000000000000005e-06,
      "loss": 1.0866412353515624,
      "step": 50
    },
    {
      "epoch": 1.0,
      "eval_accuracy": 0.6394230769230769,
      "eval_f1": 0.632025849057913,
      "eval_f1_macro": 0.6389649408999446,
      "eval_loss": 0.9450284242630005,
      "eval_precision": 0.6325151564122152,
      "eval_recall": 0.6394230769230769,
      "eval_runtime": 0.5464,
      "eval_samples_per_second": 380.648,
      "eval_steps_per_second": 23.791,
      "step": 52
    },
    {
      "epoch": 1.9230769230769231,
      "grad_norm": 8.63190746307373,
      "learning_rate": 9.900000000000002e-06,
      "loss": 0.8763446044921875,
      "step": 100
    },
    {
      "epoch": 2.0,
      "eval_accuracy": 0.6394230769230769,
      "eval_f1": 0.6269937046758909,
      "eval_f1_macro": 0.6336996336996337,
      "eval_loss": 0.7325503826141357,
      "eval_precision": 0.634983984172594,
      "eval_recall": 0.6394230769230769,
      "eval_runtime": 0.55,
      "eval_samples_per_second": 378.205,
      "eval_steps_per_second": 23.638,
      "step": 104
    }
  ],
  "logging_steps": 50,
  "max_steps": 156,
  "num_input_tokens_seen": 0,
  "num_train_epochs": 3,
  "save_steps": 500,
  "stateful_callbacks": {
    "TrainerControl": {
      "args": {
        "should_epoch_stop": false,
        "should_evaluate": false,
        "should_log": false,
        "should_save": true,
        "should_training_stop": false
      },
      "attributes": {}
    }
  },
  "total_flos": 218384136714240.0,
  "train_batch_size": 16,
  "trial_name": null,
  "trial_params": null
}
