{
  "best_global_step": 104,
  "best_metric": 0.7090014219284058,
  "best_model_checkpoint": "./results/original\\checkpoint-104",
  "epoch": 2.0,
  "eval_steps": 500,
  "global_step": 104,
  "is_hyper_param_search": false,
  "is_local_process_zero": true,
  "is_world_process_zero": true,
  "log_history": [
    {
      "epoch": 0.9615384615384616,
      "grad_norm": 4.478756427764893,
      "learning_rate": 4.9000000000000005e-06,
      "loss": 1.072213134765625,
      "step": 50
    },
    {
      "epoch": 1.0,
      "eval_accuracy": 0.5673076923076923,
      "eval_f1": 0.566174101835879,
      "eval_f1_macro": 0.5668254336680509,
      "eval_loss": 0.952986478805542,
      "eval_precision": 0.6300029751354637,
      "eval_recall": 0.5673076923076923,
      "eval_runtime": 0.5528,
      "eval_samples_per_second": 376.291,
      "eval_steps_per_second": 23.518,
      "step": 52
    },
    {
      "epoch": 1.9230769230769231,
      "grad_norm": 7.4526591300964355,
      "learning_rate": 9.900000000000002e-06,
      "loss": 0.8673104858398437,
      "step": 100
    },
    {
      "epoch": 2.0,
      "eval_accuracy": 0.6923076923076923,
      "eval_f1": 0.6830107326492796,
      "eval_f1_macro": 0.6880504531488426,
      "eval_loss": 0.7090014219284058,
      "eval_precision": 0.6926437091389623,
      "eval_recall": 0.6923076923076923,
      "eval_runtime": 0.5643,
      "eval_samples_per_second": 368.567,
      "eval_steps_per_second": 23.035,
      "step": 104
    }
  ],
  "logging_steps": 50,
  "max_steps": 156,
  "num_input_tokens_seen": 0,
  "num_train_epochs": 3,
  "save_steps": 500,
  "stateful_callbacks": {
    "TrainerControl": {
      "args": {
        "should_epoch_stop": false,
        "should_evaluate": false,
        "should_log": false,
        "should_save": true,
        "should_training_stop": false
      },
      "attributes": {}
    }
  },
  "total_flos": 218384136714240.0,
  "train_batch_size": 16,
  "trial_name": null,
  "trial_params": null
}
